{
"lengthUnit": "mil",
"components": {
	"fields": ["COMPONENT_NO", "COMPONENT_NAME", "LAYER", "X_COORDINATE", "Y_COORDINATE", "ANGLE"],
	"rows": [
		[1, "D1", "T", 2750, -1515, 180],
		[2, "D2", "T", 2550, -1305, 0],
		[3, "IC1", "T", 4040, -150, 270],
		[4, "J1", "T", 245, -140, 0],
		[5, "J2", "T", 1880, -1515, 0],
		[6, "J3", "T", 1310, -1220, 0],
		[7, "JP1", "T", 1885, -1235, 0],
		[8, "LED1", "T", 2270, -1300, 0],
		[9, "MK1", "T", 725, -670, 0],
		[10, "Q1", "T", 280, -1530, 0],
		[11, "Q2", "T", 295, -1780, 180],
		[12, "Q3", "T", 880, -1530, 0],
		[13, "Q4", "T", 890, -1780, 180],
		[14, "Q5", "T", 1560, -1735, 90],
		[15, "Q6", "T", 1310, -1530, 0],
		[16, "R1", "B", 610, -785, 180],
		[17, "R2", "B", 765, -515, 0],
		[18, "R3", "B", 490, -1115, 180],
		[19, "R4", "T", 255, -1225, 180],
		[20, "R5", "B", 150, -1335, 0],
		[21, "R6", "B", 425, -1335, 180],
		[22, "R7", "B", 520, -1655, 0],
		[23, "R8", "B", 755, -1335, 180],
		[24, "R9", "B", 905, -1335, 180],
		[25, "R10", "B", 680, -1655, 180],
		[26, "R11", "B", 1555, -1390, 180],
		[27, "R12", "B", 1555, -1490, 180],
		[28, "R13", "B", 1555, -1595, 180],
		[29, "R14", "B", 630, -1115, 180],
		[30, "SW1", "T", 705, -1225, 0],
		[31, "U1", "T", 1805, -440, 180],
		[32, "U2", "T", 1905, -1650, 0],
		[33, "PAD1", "T", 695, -2260, 0],
		[34, "PAD1", "B", 695, -2260, 0],
		[35, "PAD2", "T", 1065, -2260, 0],
		[36, "PAD2", "B", 1065, -2260, 0],
		[37, "PAD3", "T", 1337.5, -2260, 0],
		[38, "PAD3", "B", 1337.5, -2260, 0],
		[39, "PAD4", "T", 1722.5, -2260, 0],
		[40, "PAD4", "B", 1722.5, -2260, 0]
	]
},
"pins": {
	"fields": ["PIN_NO", "PIN_NAME", "PIN_X", "PIN_Y", "LAYER", "PIN_TYPE", "NET_NAME", "NET_TYPE", "PAD_SHAPE", "PAD_SIZEX", "PAD_SIZEY", "HOLE_SIZE", "PAD_ANGLE"],
	"rows": [
		[1, "D1_1", 2750, -1515, "T", "DIP", "GND", "GND", "C", 60, 60, 36, 180],
		[2, "D1_1", 2750, -1515, "B", "DIP", "GND", "GND", "C", 60, 60, 36, 180],
		[3, "D1_2", 2553.15, -1515, "T", "DIP", "+3.3V", "", "C", 60, 60, 36, 180],
		[4, "D1_2", 2553.15, -1515, "B", "DIP", "+3.3V", "", "C", 60, 60, 36, 180],
		[5, "D2_1", 2550, -1305, "T", "DIP", "GND", "GND", "C", 60, 60, 36, 0],
		[6, "D2_1", 2550, -1305, "B", "DIP", "GND", "GND", "C", 60, 60, 36, 0],
		[7, "D2_2", 2746.85, -1305, "T", "DIP", "+12V", "", "C", 60, 60, 36, 0],
		[8, "D2_2", 2746.85, -1305, "B", "DIP", "+12V", "", "C", 60, 60, 36, 0],
		[9, "IC1_1", 3933.36, -250.46, "T", "DIP", "VCC", "", "R", 60, 60, 36, 270],
		[10, "IC1_1", 3933.36, -250.46, "B", "DIP", "VCC", "", "R", 60, 60, 36, 270],
		[11, "IC1_2", 3145.96, -250.46, "T", "DIP", "GND", "GND", "R", 60, 60, 36, 270],
		[12, "IC1_2", 3145.96, -250.46, "B", "DIP", "GND", "GND", "R", 60, 60, 36, 270],
		[13, "IC1_3", 3933.26, -2219.06, "T", "DIP", "+12V", "", "R", 60, 60, 36, 270],
		[14, "IC1_3", 3933.26, -2219.06, "B", "DIP", "+12V", "", "R", 60, 60, 36, 270],
		[15, "IC1_4", 3146.16, -2219.06, "T", "DIP", "GND", "GND", "R", 60, 60, 36, 270],
		[16, "IC1_4", 3146.16, -2219.06, "B", "DIP", "GND", "GND", "R", 60, 60, 36, 270],
		[17, "J1_1", 145, -140, "T", "DIP", "$1N3280", "", "C", 62, 62, 35, 0],
		[18, "J1_1", 145, -140, "B", "DIP", "$1N3280", "", "C", 62, 62, 35, 0],
		[19, "J1_2", 245, -140, "T", "DIP", "$1N3285", "", "C", 62, 62, 35, 0],
		[20, "J1_2", 245, -140, "B", "DIP", "$1N3285", "", "C", 62, 62, 35, 0],
		[21, "J1_3", 345, -140, "T", "DIP", "GND", "GND", "R", 62, 62, 35, 0],
		[22, "J1_3", 345, -140, "B", "DIP", "GND", "GND", "R", 62, 62, 35, 0],
		[23, "J2_1", 1720, -1515, "T", "DIP", "GND", "GND", "R", 72.83, 72.83, 39.37, 0],
		[24, "J2_1", 1720, -1515, "B", "DIP", "GND", "GND", "R", 72.83, 72.83, 39.37, 0],
		[25, "J2_2", 1820, -1515, "T", "DIP", "+12V", "", "C", 72.83, 72.83, 39.37, 0],
		[26, "J2_2", 1820, -1515, "B", "DIP", "+12V", "", "C", 72.83, 72.83, 39.37, 0],
		[27, "J2_3", 1920, -1515, "T", "DIP", "J2_3", "", "C", 72.83, 72.83, 39.37, 0],
		[28, "J2_3", 1920, -1515, "B", "DIP", "J2_3", "", "C", 72.83, 72.83, 39.37, 0],
		[29, "J2_4", 2020, -1515, "T", "DIP", "FAN_PWM", "", "C", 72.83, 72.83, 39.37, 0],
		[30, "J2_4", 2020, -1515, "B", "DIP", "FAN_PWM", "", "C", 72.83, 72.83, 39.37, 0],
		[31, "J3_1", 1160, -1220, "T", "DIP", "GND", "GND", "R", 72.83, 72.83, 39.37, 0],
		[32, "J3_1", 1160, -1220, "B", "DIP", "GND", "GND", "R", 72.83, 72.83, 39.37, 0],
		[33, "J3_2", 1260, -1220, "T", "DIP", "OLED_3V", "", "C", 72.83, 72.83, 39.37, 0],
		[34, "J3_2", 1260, -1220, "B", "DIP", "OLED_3V", "", "C", 72.83, 72.83, 39.37, 0],
		[35, "J3_3", 1360, -1220, "T", "DIP", "SCL0", "", "C", 72.83, 72.83, 39.37, 0],
		[36, "J3_3", 1360, -1220, "B", "DIP", "SCL0", "", "C", 72.83, 72.83, 39.37, 0],
		[37, "J3_4", 1460, -1220, "T", "DIP", "SDA0", "", "C", 72.83, 72.83, 39.37, 0],
		[38, "J3_4", 1460, -1220, "B", "DIP", "SDA0", "", "C", 72.83, 72.83, 39.37, 0],
		[39, "JP1_1", 1735, -1285, "T", "DIP", "SCL1", "", "R", 72.83, 72.83, 39.37, 0],
		[40, "JP1_1", 1735, -1285, "B", "DIP", "SCL1", "", "R", 72.83, 72.83, 39.37, 0],
		[41, "JP1_2", 1735, -1185, "T", "DIP", "SDA1", "", "C", 72.83, 72.83, 39.37, 0],
		[42, "JP1_2", 1735, -1185, "B", "DIP", "SDA1", "", "C", 72.83, 72.83, 39.37, 0],
		[43, "JP1_3", 1835, -1285, "T", "DIP", "SCL2", "", "C", 72.83, 72.83, 39.37, 0],
		[44, "JP1_3", 1835, -1285, "B", "DIP", "SCL2", "", "C", 72.83, 72.83, 39.37, 0],
		[45, "JP1_4", 1835, -1185, "T", "DIP", "SDA2", "", "C", 72.83, 72.83, 39.37, 0],
		[46, "JP1_4", 1835, -1185, "B", "DIP", "SDA2", "", "C", 72.83, 72.83, 39.37, 0],
		[47, "JP1_5", 1935, -1285, "T", "DIP", "SCL3", "", "C", 72.83, 72.83, 39.37, 0],
		[48, "JP1_5", 1935, -1285, "B", "DIP", "SCL3", "", "C", 72.83, 72.83, 39.37, 0],
		[49, "JP1_6", 1935, -1185, "T", "DIP", "SDA3", "", "C", 72.83, 72.83, 39.37, 0],
		[50, "JP1_6", 1935, -1185, "B", "DIP", "SDA3", "", "C", 72.83, 72.83, 39.37, 0],
		[51, "JP1_7", 2035, -1285, "T", "DIP", "SCL4", "", "C", 72.83, 72.83, 39.37, 0],
		[52, "JP1_7", 2035, -1285, "B", "DIP", "SCL4", "", "C", 72.83, 72.83, 39.37, 0],
		[53, "JP1_8", 2035, -1185, "T", "DIP", "SDA4", "", "C", 72.83, 72.83, 39.37, 0],
		[54, "JP1_8", 2035, -1185, "B", "DIP", "SDA4", "", "C", 72.83, 72.83, 39.37, 0],
		[55, "LED1_1", 2270, -1200, "T", "DIP", "GND", "GND", "R", 62.99, 62.99, 39.37, 0],
		[56, "LED1_1", 2270, -1200, "B", "DIP", "GND", "GND", "R", 62.99, 62.99, 39.37, 0],
		[57, "LED1_2", 2270, -1300, "T", "DIP", "LED1_2", "", "C", 62.99, 62.99, 39.37, 0],
		[58, "LED1_2", 2270, -1300, "B", "DIP", "LED1_2", "", "C", 62.99, 62.99, 39.37, 0],
		[59, "LED1_3", 2270, -1400, "T", "DIP", "+3.3V", "", "C", 62.99, 62.99, 39.37, 0],
		[60, "LED1_3", 2270, -1400, "B", "DIP", "+3.3V", "", "C", 62.99, 62.99, 39.37, 0],
		[61, "LED1_4", 2270, -1500, "T", "DIP", "LED_STATUS", "", "C", 62.99, 62.99, 39.37, 0],
		[62, "LED1_4", 2270, -1500, "B", "DIP", "LED_STATUS", "", "C", 62.99, 62.99, 39.37, 0],
		[63, "MK1_1", 420.28, -975.12, "T", "SMD", "MK1_1", "", "R", 51.18, 98.42, 0, 0],
		[64, "MK1_2", 499.02, -975.12, "T", "SMD", "$1N1489", "", "R", 51.18, 98.42, 0, 0],
		[65, "MK1_3", 577.76, -975.12, "T", "SMD", "$1N1367", "", "R", 51.18, 98.42, 0, 0],
		[66, "MK1_4", 656.5, -975.12, "T", "SMD", "ON/OFF_BUTTON", "", "R", 51.18, 98.42, 0, 0],
		[67, "MK1_5", 735.24, -975.12, "T", "SMD", "LED_STATUS", "", "R", 51.18, 98.42, 0, 0],
		[68, "MK1_6", 813.98, -975.12, "T", "SMD", "FAN_PWM", "", "R", 51.18, 98.42, 0, 0],
		[69, "MK1_7", 892.72, -975.12, "T", "SMD", "ON/OFF_SIGNAL", "", "R", 51.18, 98.42, 0, 0],
		[70, "MK1_8", 971.46, -975.12, "T", "SMD", "+3.3V", "", "R", 51.18, 98.42, 0, 0],
		[71, "MK1_9", 1029.73, -866.9, "T", "SMD", "MK1_9", "", "R", 70.87, 51.18, 0, 0],
		[72, "MK1_10", 1029.67, -788.15, "T", "SMD", "MK1_10", "", "R", 70.87, 51.18, 0, 0],
		[73, "MK1_11", 1029.69, -709.42, "T", "SMD", "MK1_11", "", "R", 70.87, 51.18, 0, 0],
		[74, "MK1_12", 1029.69, -630.68, "T", "SMD", "MK1_12", "", "R", 70.87, 51.18, 0, 0],
		[75, "MK1_13", 1029.69, -551.93, "T", "SMD", "MK1_13", "", "R", 70.87, 51.18, 0, 0],
		[76, "MK1_14", 1029.72, -473.19, "T", "SMD", "MK1_14", "", "R", 70.87, 51.18, 0, 0],
		[77, "MK1_15", 971.46, -364.88, "T", "SMD", "GND", "GND", "R", 51.18, 98.42, 0, 0],
		[78, "MK1_16", 892.71, -364.88, "T", "SMD", "MK1_16", "", "R", 51.18, 98.42, 0, 0],
		[79, "MK1_17", 813.97, -364.88, "T", "SMD", "MK1_17", "", "R", 51.18, 98.42, 0, 0],
		[80, "MK1_18", 735.23, -364.88, "T", "SMD", "$1N1390", "", "R", 51.18, 98.42, 0, 0],
		[81, "MK1_19", 656.49, -364.88, "T", "SMD", "SDA", "", "R", 51.18, 98.42, 0, 0],
		[82, "MK1_20", 577.75, -364.88, "T", "SMD", "SCL", "", "R", 51.18, 98.42, 0, 0],
		[83, "MK1_21", 499.01, -364.88, "T", "SMD", "$1N3285", "", "R", 51.18, 98.42, 0, 0],
		[84, "MK1_22", 420.27, -364.88, "T", "SMD", "$1N3280", "", "R", 51.18, 98.42, 0, 0],
		[85, "Q1_1", 180, -1530, "T", "DIP", "GND", "GND", "R", 70.87, 70.87, 39.37, 270],
		[86, "Q1_1", 180, -1530, "B", "DIP", "GND", "GND", "R", 70.87, 70.87, 39.37, 270],
		[87, "Q1_2", 280, -1530, "T", "DIP", "$1N1653", "", "C", 70.87, 70.87, 39.37, 270],
		[88, "Q1_2", 280, -1530, "B", "DIP", "$1N1653", "", "C", 70.87, 70.87, 39.37, 270],
		[89, "Q1_3", 380, -1530, "T", "DIP", "$1N1689", "", "C", 70.87, 70.87, 39.37, 270],
		[90, "Q1_3", 380, -1530, "B", "DIP", "$1N1689", "", "C", 70.87, 70.87, 39.37, 270],
		[91, "Q2_1", 395, -1780, "T", "DIP", "$1N1809", "", "R", 70.87, 39.37, 47.24, 180],
		[92, "Q2_1", 395, -1780, "B", "DIP", "$1N1809", "", "R", 70.87, 39.37, 47.24, 180],
		[93, "Q2_2", 295, -1780, "T", "DIP", "LOAD", "", "O", 70.87, 39.37, 47.24, 180],
		[94, "Q2_2", 295, -1780, "B", "DIP", "LOAD", "", "O", 70.87, 39.37, 47.24, 180],
		[95, "Q2_3", 195, -1780, "T", "DIP", "VCC", "", "O", 70.87, 39.37, 47.24, 180],
		[96, "Q2_3", 195, -1780, "B", "DIP", "VCC", "", "O", 70.87, 39.37, 47.24, 180],
		[97, "Q3_1", 780, -1530, "T", "DIP", "GND", "GND", "R", 70.87, 70.87, 39.37, 270],
		[98, "Q3_1", 780, -1530, "B", "DIP", "GND", "GND", "R", 70.87, 70.87, 39.37, 270],
		[99, "Q3_2", 880, -1530, "T", "DIP", "$1N2093", "", "C", 70.87, 70.87, 39.37, 270],
		[100, "Q3_2", 880, -1530, "B", "DIP", "$1N2093", "", "C", 70.87, 70.87, 39.37, 270],
		[101, "Q3_3", 980, -1530, "T", "DIP", "$1N2096", "", "C", 70.87, 70.87, 39.37, 270],
		[102, "Q3_3", 980, -1530, "B", "DIP", "$1N2096", "", "C", 70.87, 70.87, 39.37, 270],
		[103, "Q4_1", 990, -1780, "T", "DIP", "$1N2102", "", "R", 70.87, 39.37, 47.24, 180],
		[104, "Q4_1", 990, -1780, "B", "DIP", "$1N2102", "", "R", 70.87, 39.37, 47.24, 180],
		[105, "Q4_2", 890, -1780, "T", "DIP", "LOAD", "", "O", 70.87, 39.37, 47.24, 180],
		[106, "Q4_2", 890, -1780, "B", "DIP", "LOAD", "", "O", 70.87, 39.37, 47.24, 180],
		[107, "Q4_3", 790, -1780, "T", "DIP", "VCC", "", "O", 70.87, 39.37, 47.24, 180],
		[108, "Q4_3", 790, -1780, "B", "DIP", "VCC", "", "O", 70.87, 39.37, 47.24, 180],
		[109, "Q5_1", 1597.4, -1689.72, "T", "SMD", "$1N2518", "", "R", 39.37, 31.5, 0, 270],
		[110, "Q5_2", 1522.6, -1689.72, "T", "SMD", "+3.3V", "", "R", 39.37, 31.5, 0, 270],
		[111, "Q5_3", 1560, -1780.28, "T", "SMD", "OLED_3V", "", "R", 39.37, 31.5, 0, 270],
		[112, "Q6_1", 1210, -1530, "T", "DIP", "GND", "GND", "R", 70.87, 70.87, 39.37, 270],
		[113, "Q6_1", 1210, -1530, "B", "DIP", "GND", "GND", "R", 70.87, 70.87, 39.37, 270],
		[114, "Q6_2", 1310, -1530, "T", "DIP", "$1N2509", "", "C", 70.87, 70.87, 39.37, 270],
		[115, "Q6_2", 1310, -1530, "B", "DIP", "$1N2509", "", "C", 70.87, 70.87, 39.37, 270],
		[116, "Q6_3", 1410, -1530, "T", "DIP", "$1N2512", "", "C", 70.87, 70.87, 39.37, 270],
		[117, "Q6_3", 1410, -1530, "B", "DIP", "$1N2512", "", "C", 70.87, 70.87, 39.37, 270],
		[118, "R1_1", 639.66, -785, "B", "SMD", "+3.3V", "", "R", 31.75, 34.02, 0, 180],
		[119, "R1_2", 580.34, -785, "B", "SMD", "$1N1367", "", "R", 31.75, 34.02, 0, 180],
		[120, "R2_1", 735.34, -515, "B", "SMD", "$1N1390", "", "R", 31.75, 34.02, 0, 0],
		[121, "R2_2", 794.66, -515, "B", "SMD", "GND", "GND", "R", 31.75, 34.02, 0, 0],
		[122, "R3_1", 519.66, -1115, "B", "SMD", "+3.3V", "", "R", 31.75, 34.02, 0, 180],
		[123, "R3_2", 460.34, -1115, "B", "SMD", "$1N1489", "", "R", 31.75, 34.02, 0, 180],
		[124, "R4_1", 305, -1225, "T", "DIP", "$1N1489", "", "R", 60, 60, 40, 180],
		[125, "R4_1", 305, -1225, "B", "DIP", "$1N1489", "", "R", 60, 60, 40, 180],
		[126, "R4_2", 205, -1225, "T", "DIP", "GND", "GND", "C", 60, 60, 40, 180],
		[127, "R4_2", 205, -1225, "B", "DIP", "GND", "GND", "C", 60, 60, 40, 180],
		[128, "R5_1", 120.34, -1335, "B", "SMD", "$1N1653", "", "R", 31.75, 34.02, 0, 0],
		[129, "R5_2", 179.66, -1335, "B", "SMD", "$1N1809", "", "R", 31.75, 34.02, 0, 0],
		[130, "R6_1", 454.66, -1335, "B", "SMD", "ON/OFF_SIGNAL", "", "R", 31.75, 34.02, 0, 180],
		[131, "R6_2", 395.34, -1335, "B", "SMD", "$1N1689", "", "R", 31.75, 34.02, 0, 180],
		[132, "R7_1", 490.34, -1655, "B", "SMD", "$1N1809", "", "R", 31.75, 34.02, 0, 0],
		[133, "R7_2", 549.66, -1655, "B", "SMD", "VCC", "", "R", 31.75, 34.02, 0, 0],
		[134, "R8_1", 784.66, -1335, "B", "SMD", "$1N2093", "", "R", 31.75, 34.02, 0, 180],
		[135, "R8_2", 725.34, -1335, "B", "SMD", "$1N2102", "", "R", 31.75, 34.02, 0, 180],
		[136, "R9_1", 934.66, -1335, "B", "SMD", "ON/OFF_SIGNAL", "", "R", 31.75, 34.02, 0, 180],
		[137, "R9_2", 875.34, -1335, "B", "SMD", "$1N2096", "", "R", 31.75, 34.02, 0, 180],
		[138, "R10_1", 709.66, -1655, "B", "SMD", "$1N2102", "", "R", 31.75, 34.02, 0, 180],
		[139, "R10_2", 650.34, -1655, "B", "SMD", "VCC", "", "R", 31.75, 34.02, 0, 180],
		[140, "R11_1", 1584.66, -1390, "B", "SMD", "$1N2509", "", "R", 31.75, 34.02, 0, 180],
		[141, "R11_2", 1525.34, -1390, "B", "SMD", "$1N2518", "", "R", 31.75, 34.02, 0, 180],
		[142, "R12_1", 1584.66, -1490, "B", "SMD", "ON/OFF_SIGNAL", "", "R", 31.75, 34.02, 0, 180],
		[143, "R12_2", 1525.34, -1490, "B", "SMD", "$1N2512", "", "R", 31.75, 34.02, 0, 180],
		[144, "R13_1", 1584.66, -1595, "B", "SMD", "$1N2518", "", "R", 31.75, 34.02, 0, 180],
		[145, "R13_2", 1525.34, -1595, "B", "SMD", "+3.3V", "", "R", 31.75, 34.02, 0, 180],
		[146, "R14_1", 659.66, -1115, "B", "SMD", "ON/OFF_BUTTON", "", "R", 31.75, 34.02, 0, 180],
		[147, "R14_2", 600.34, -1115, "B", "SMD", "+3.3V", "", "R", 31.75, 34.02, 0, 180],
		[148, "SW1_1", 655, -1225, "T", "DIP", "ON/OFF_BUTTON", "", "R", 60, 60, 40, 0],
		[149, "SW1_1", 655, -1225, "B", "DIP", "ON/OFF_BUTTON", "", "R", 60, 60, 40, 0],
		[150, "SW1_2", 755, -1225, "T", "DIP", "GND", "GND", "C", 60, 60, 40, 0],
		[151, "SW1_2", 755, -1225, "B", "DIP", "GND", "GND", "C", 60, 60, 40, 0],
		[152, "U1_1", 2605, -240, "T", "DIP", "+3.3V", "", "O", 66.93, 98.43, 31.5, 180],
		[153, "U1_1", 2605, -240, "B", "DIP", "+3.3V", "", "O", 66.93, 98.43, 31.5, 180],
		[154, "U1_2", 2505, -240, "T", "DIP", "GND", "GND", "O", 66.93, 98.43, 31.5, 180],
		[155, "U1_2", 2505, -240, "B", "DIP", "GND", "GND", "O", 66.93, 98.43, 31.5, 180],
		[156, "U1_3", 2405, -240, "T", "DIP", "SDA", "", "O", 66.93, 98.43, 31.5, 180],
		[157, "U1_3", 2405, -240, "B", "DIP", "SDA", "", "O", 66.93, 98.43, 31.5, 180],
		[158, "U1_4", 2305, -240, "T", "DIP", "SCL", "", "O", 66.93, 98.43, 31.5, 180],
		[159, "U1_4", 2305, -240, "B", "DIP", "SCL", "", "O", 66.93, 98.43, 31.5, 180],
		[160, "U1_5", 2205, -240, "T", "DIP", "U1_5", "", "O", 66.93, 98.43, 31.5, 180],
		[161, "U1_5", 2205, -240, "B", "DIP", "U1_5", "", "O", 66.93, 98.43, 31.5, 180],
		[162, "U1_6", 2105, -240, "T", "DIP", "U1_6", "", "O", 66.93, 98.43, 31.5, 180],
		[163, "U1_6", 2105, -240, "B", "DIP", "U1_6", "", "O", 66.93, 98.43, 31.5, 180],
		[164, "U1_7", 2005, -240, "T", "DIP", "U1_7", "", "O", 66.93, 98.43, 31.5, 180],
		[165, "U1_7", 2005, -240, "B", "DIP", "U1_7", "", "O", 66.93, 98.43, 31.5, 180],
		[166, "U1_8", 1905, -240, "T", "DIP", "U1_8", "", "O", 66.93, 98.43, 31.5, 180],
		[167, "U1_8", 1905, -240, "B", "DIP", "U1_8", "", "O", 66.93, 98.43, 31.5, 180],
		[168, "U1_9", 1805, -240, "T", "DIP", "SDA0", "", "O", 66.93, 98.43, 31.5, 180],
		[169, "U1_9", 1805, -240, "B", "DIP", "SDA0", "", "O", 66.93, 98.43, 31.5, 180],
		[170, "U1_10", 1705, -240, "T", "DIP", "SCL0", "", "O", 66.93, 98.43, 31.5, 180],
		[171, "U1_10", 1705, -240, "B", "DIP", "SCL0", "", "O", 66.93, 98.43, 31.5, 180],
		[172, "U1_11", 1605, -240, "T", "DIP", "SDA1", "", "O", 66.93, 98.43, 31.5, 180],
		[173, "U1_11", 1605, -240, "B", "DIP", "SDA1", "", "O", 66.93, 98.43, 31.5, 180],
		[174, "U1_12", 1505, -240, "T", "DIP", "SCL1", "", "O", 66.93, 98.43, 31.5, 180],
		[175, "U1_12", 1505, -240, "B", "DIP", "SCL1", "", "O", 66.93, 98.43, 31.5, 180],
		[176, "U1_13", 1505, -940, "T", "DIP", "SDA2", "", "O", 66.93, 98.43, 31.5, 0],
		[177, "U1_13", 1505, -940, "B", "DIP", "SDA2", "", "O", 66.93, 98.43, 31.5, 0],
		[178, "U1_14", 1605, -940, "T", "DIP", "SCL2", "", "O", 66.93, 98.43, 31.5, 0],
		[179, "U1_14", 1605, -940, "B", "DIP", "SCL2", "", "O", 66.93, 98.43, 31.5, 0],
		[180, "U1_15", 1705, -940, "T", "DIP", "SDA3", "", "O", 66.93, 98.43, 31.5, 0],
		[181, "U1_15", 1705, -940, "B", "DIP", "SDA3", "", "O", 66.93, 98.43, 31.5, 0],
		[182, "U1_16", 1805, -940, "T", "DIP", "SCL3", "", "O", 66.93, 98.43, 31.5, 0],
		[183, "U1_16", 1805, -940, "B", "DIP", "SCL3", "", "O", 66.93, 98.43, 31.5, 0],
		[184, "U1_17", 1905, -940, "T", "DIP", "SDA4", "", "O", 66.93, 98.43, 31.5, 0],
		[185, "U1_17", 1905, -940, "B", "DIP", "SDA4", "", "O", 66.93, 98.43, 31.5, 0],
		[186, "U1_18", 2005, -940, "T", "DIP", "SCL4", "", "O", 66.93, 98.43, 31.5, 0],
		[187, "U1_18", 2005, -940, "B", "DIP", "SCL4", "", "O", 66.93, 98.43, 31.5, 0],
		[188, "U1_19", 2105, -940, "T", "DIP", "U1_19", "", "O", 66.93, 98.43, 31.5, 0],
		[189, "U1_19", 2105, -940, "B", "DIP", "U1_19", "", "O", 66.93, 98.43, 31.5, 0],
		[190, "U1_20", 2205, -940, "T", "DIP", "U1_20", "", "O", 66.93, 98.43, 31.5, 0],
		[191, "U1_20", 2205, -940, "B", "DIP", "U1_20", "", "O", 66.93, 98.43, 31.5, 0],
		[192, "U1_21", 2305, -940, "T", "DIP", "U1_21", "", "O", 66.93, 98.43, 31.5, 0],
		[193, "U1_21", 2305, -940, "B", "DIP", "U1_21", "", "O", 66.93, 98.43, 31.5, 0],
		[194, "U1_22", 2405, -940, "T", "DIP", "U1_22", "", "O", 66.93, 98.43, 31.5, 0],
		[195, "U1_22", 2405, -940, "B", "DIP", "U1_22", "", "O", 66.93, 98.43, 31.5, 0],
		[196, "U1_23", 2505, -940, "T", "DIP", "U1_23", "", "O", 66.93, 98.43, 31.5, 0],
		[197, "U1_23", 2505, -940, "B", "DIP", "U1_23", "", "O", 66.93, 98.43, 31.5, 0],
		[198, "U1_24", 2605, -940, "T", "DIP", "U1_24", "", "O", 66.93, 98.43, 31.5, 0],
		[199, "U1_24", 2605, -940, "B", "DIP", "U1_24", "", "O", 66.93, 98.43, 31.5, 0],
		[200, "U2_1", 2765, -1865, "T", "DIP", "+12V", "", "C", 60, 60, 36, 0],
		[201, "U2_1", 2765, -1865, "B", "DIP", "+12V", "", "C", 60, 60, 36, 0],
		[202, "U2_1", 2765, -1765, "T", "DIP", "+12V", "", "C", 60, 60, 36, 0],
		[203, "U2_1", 2765, -1765, "B", "DIP", "+12V", "", "C", 60, 60, 36, 0],
		[204, "U2_2", 2765, -2165, "T", "DIP", "GND", "GND", "C", 60, 60, 36, 0],
		[205, "U2_2", 2765, -2165, "B", "DIP", "GND", "GND", "C", 60, 60, 36, 0],
		[206, "U2_2", 2765, -2265, "T", "DIP", "GND", "GND", "C", 60, 60, 36, 0],
		[207, "U2_2", 2765, -2265, "B", "DIP", "GND", "GND", "C", 60, 60, 36, 0],
		[208, "U2_3", 2065, -1865, "T", "DIP", "+3.3V", "", "C", 60, 60, 36, 0],
		[209, "U2_3", 2065, -1865, "B", "DIP", "+3.3V", "", "C", 60, 60, 36, 0],
		[210, "U2_3", 2065, -1765, "T", "DIP", "+3.3V", "", "C", 60, 60, 36, 0],
		[211, "U2_3", 2065, -1765, "B", "DIP", "+3.3V", "", "C", 60, 60, 36, 0],
		[212, "U2_4", 2065, -2265, "T", "DIP", "GND", "GND", "C", 60, 60, 36, 0],
		[213, "U2_4", 2065, -2265, "B", "DIP", "GND", "GND", "C", 60, 60, 36, 0],
		[214, "U2_4", 2065, -2165, "T", "DIP", "GND", "GND", "C", 60, 60, 36, 0],
		[215, "U2_4", 2065, -2165, "B", "DIP", "GND", "GND", "C", 60, 60, 36, 0],
		[216, "PAD1_1", 695, -2260, "T", "DIP", "LOAD", "", "C", 157.48, 157.48, 78.74, 0],
		[217, "PAD1_1", 695, -2260, "B", "DIP", "LOAD", "", "C", 157.48, 157.48, 78.74, 0],
		[218, "PAD2_2", 1065, -2260, "T", "DIP", "GND", "GND", "R", 157.48, 157.48, 78.74, 0],
		[219, "PAD2_2", 1065, -2260, "B", "DIP", "GND", "GND", "R", 157.48, 157.48, 78.74, 0],
		[220, "PAD3_2", 1337.5, -2260, "T", "DIP", "GND", "GND", "R", 157.48, 157.48, 78.74, 0],
		[221, "PAD3_2", 1337.5, -2260, "B", "DIP", "GND", "GND", "R", 157.48, 157.48, 78.74, 0],
		[222, "PAD4_1", 1722.5, -2260, "T", "DIP", "VCC", "", "C", 157.48, 157.48, 78.74, 0],
		[223, "PAD4_1", 1722.5, -2260, "B", "DIP", "VCC", "", "C", 157.48, 157.48, 78.74, 0]
	]
}
}